{"cameraMode":{"drawMode":0,"name":"Shaded","section":"Shading Mode"},"sceneLighting":false,"audioPlay":false,"sceneViewState":{"m_AlwaysRefresh":false,"showFog":false,"showSkybox":false,"showFlares":false,"showImageEffects":false,"showParticleSystems":false,"showVisualEffectGraphs":false,"m_FxEnabled":true},"in2DMode":false,"pivot":{"x":-11.954248428344727,"y":1.8436532020568848,"z":31.143630981445314},"rotation":{"x":0.02366337925195694,"y":-0.46214309334754946,"z":-0.012340242974460125,"w":-0.8864198327064514},"size":1.151408314704895,"orthographic":false}