{"cameraMode":{"drawMode":0,"name":"Shaded","section":"Shading Mode"},"sceneLighting":false,"audioPlay":false,"sceneViewState":{"m_AlwaysRefresh":false,"showFog":false,"showSkybox":false,"showFlares":false,"showImageEffects":false,"showParticleSystems":false,"showVisualEffectGraphs":false,"m_FxEnabled":true},"in2DMode":false,"pivot":{"x":-0.7611579895019531,"y":0.4427749812602997,"z":-0.14397576451301576},"rotation":{"x":0.03269433602690697,"y":-0.8386030197143555,"z":0.050635866820812228,"w":0.5414213538169861},"size":0.8233262300491333,"orthographic":false}