{"cameraMode":{"drawMode":0,"name":"Shaded","section":"Shading Mode"},"sceneLighting":false,"audioPlay":false,"sceneViewState":{"m_AlwaysRefresh":false,"showFog":false,"showSkybox":false,"showFlares":false,"showImageEffects":false,"showParticleSystems":false,"showVisualEffectGraphs":false,"m_FxEnabled":true},"in2DMode":false,"pivot":{"x":3.9817466735839845,"y":1.2846546173095704,"z":7.7600226402282719},"rotation":{"x":0.05089983344078064,"y":0.12252585589885712,"z":-0.0062945568934082989,"w":0.9911518096923828},"size":4.155892848968506,"orthographic":false}