{"cameraMode":{"drawMode":0,"name":"Shaded","section":"Shading Mode"},"sceneLighting":false,"audioPlay":false,"sceneViewState":{"m_AlwaysRefresh":false,"showFog":false,"showSkybox":false,"showFlares":false,"showImageEffects":false,"showParticleSystems":false,"showVisualEffectGraphs":false,"m_FxEnabled":true},"in2DMode":false,"pivot":{"x":-1.1574280261993409,"y":10.400047302246094,"z":14.758794784545899},"rotation":{"x":0.05117321014404297,"y":0.06673246622085571,"z":-0.0034255124628543855,"w":0.9964757561683655},"size":1.276566982269287,"orthographic":false}