{"cameraMode":{"drawMode":0,"name":"Shaded","section":"Shading Mode"},"sceneLighting":false,"audioPlay":false,"sceneViewState":{"m_AlwaysRefresh":false,"showFog":false,"showSkybox":false,"showFlares":false,"showImageEffects":false,"showParticleSystems":false,"showVisualEffectGraphs":false,"m_FxEnabled":true},"in2DMode":false,"pivot":{"x":4.5581889152526859,"y":6.380855083465576,"z":15.655601501464844},"rotation":{"x":-0.10468184947967529,"y":-0.09027611464262009,"z":0.009544184431433678,"w":-0.9903647899627686},"size":17.890573501586915,"orthographic":false}