{"cameraMode":{"drawMode":0,"name":"Shaded","section":"Shading Mode"},"sceneLighting":false,"audioPlay":false,"sceneViewState":{"m_AlwaysRefresh":false,"showFog":false,"showSkybox":false,"showFlares":false,"showImageEffects":false,"showParticleSystems":false,"showVisualEffectGraphs":false,"m_FxEnabled":true},"in2DMode":false,"pivot":{"x":-0.2104085087776184,"y":0.05578222870826721,"z":0.5330139398574829},"rotation":{"x":0.05089985206723213,"y":-0.4085017144680023,"z":0.022819820791482927,"w":0.9110652804374695},"size":0.4720388650894165,"orthographic":false}