{"cameraMode":{"drawMode":0,"name":"Shaded","section":"Shading Mode"},"sceneLighting":false,"audioPlay":false,"sceneViewState":{"m_AlwaysRefresh":false,"showFog":false,"showSkybox":false,"showFlares":false,"showImageEffects":false,"showParticleSystems":false,"showVisualEffectGraphs":false,"m_FxEnabled":true},"in2DMode":false,"pivot":{"x":6.626060962677002,"y":-0.7644608020782471,"z":-0.8386684656143189},"rotation":{"x":0.043802112340927127,"y":0.7350399494171143,"z":-0.047705892473459247,"w":0.6749428510665894},"size":3.6089327335357668,"orthographic":false}