{"cameraMode":{"drawMode":0,"name":"Shaded","section":"Shading Mode"},"sceneLighting":false,"audioPlay":false,"sceneViewState":{"m_AlwaysRefresh":false,"showFog":false,"showSkybox":false,"showFlares":false,"showImageEffects":false,"showParticleSystems":false,"showVisualEffectGraphs":false,"m_FxEnabled":true},"in2DMode":false,"pivot":{"x":0.007432848215103149,"y":3.50858473777771,"z":0.6979910135269165},"rotation":{"x":0.05686873197555542,"y":0.7303522825241089,"z":0.06126776337623596,"w":-0.6779423356056213},"size":0.22938939929008485,"orthographic":false}